Title,Description,Specs,Price,Images
Rolex Oyster Perpetual 67193 Champagne Dial,"The Rolex Oyster Perpetual 67193 is a classic luxury watch that is known for its timeless design, durability, and accuracy. It is a popular choice among explorers, climbers, and other professionals who demand a reliable timepiece. The Oyster Perpetual 67193 features a 26mm Steel/tellow gold case, a white dial with 3-6-9 numerals, and a date window at 3 o'clock. It is powered by an automatic movement and is water-resistant to 100 meters.","{""Brand"": ""Rolex"", ""Reference #"": ""67193"", ""Serial N."": ""967XXXX"", ""Movement"": ""Automatic"", ""Case Material"": ""Steel/Yellow Gold"", ""Case Diameter (mm)"": ""26"", ""Case Shape"": ""Round"", ""Crystal"": ""Sapphire Crystal"", ""Dial"": ""Champagne"", ""Bracelet"": ""OYSTER"", ""Clasp Style"": ""Folding Clasp"", ""Water Resistances"": ""100 Meters"", ""Power Reserve"": ""42 Hours"", ""Paper Status"": ""-"", ""Condition"": ""Excellent"", ""Warranty"": ""2 Years"", ""Chrononation SKU"": ""RX0974-02""}",2950.00,"['https://cdn.shopify.com/s/files/1/0059/5152/0820/files/removal.ai__c058cc09-2b67-4c1a-9c20-41f83a1c6612-27702.png?v=1705495646', 'https://cdn.shopify.com/s/files/1/0059/5152/0820/files/27702-a1_a5aee01f-3e20-45f0-b3b2-535e4ae9a4ab.jpg?v=1705495645', 'https://cdn.shopify.com/s/files/1/0059/5152/0820/files/27702-a2_500772e0-0734-4f84-90f4-ffbdcb6adc7d.jpg?v=1705495645', 'https://cdn.shopify.com/s/files/1/0059/5152/0820/files/27702-a3_81fecba8-4758-4b04-9090-86b1576ceaf2.jpg?v=1705495645', 'https://cdn.shopify.com/s/files/1/0059/5152/0820/files/27702-a4_8e6aa85f-2b22-423a-9750-078fc8e73116.jpg?v=1705495646']"
Rolex Gmt-Master 126711CHNR Root Beer Dial Aug 2020,"The Rolex GMT-Master 126711CHNR Root Beer is a luxury GMT watch that is perfect for anyone who loves the unique look of the Root Beer bezel. It features a 40mm Rolesium case with a brown and black Cerachrom bezel, a brown dial with luminous hour markers and hands, and a date window at 3 o'clock. The watch is powered by a self-winding movement and is water resistant to 100 meters. It comes with a Rolesium bracelet and a folding Oysterclasp.","{""Brand"": ""Rolex"", ""Reference #"": ""126711CHNR"", ""Serial N."": ""736CXXXX"", ""Movement"": ""Automatic"", ""Crystal"": ""Sapphire Crystal"", ""Dial"": ""ROOT BEER"", ""Bracelet"": ""OYSTER"", ""Paper Status"": ""28-Aug-2020"", ""Condition"": ""Excellent"", ""Warranty"": ""2 Years"", ""Chrononation SKU"": ""RX1769-02""}",18750.00,"['https://cdn.shopify.com/s/files/1/0059/5152/0820/files/Rolex_Gmt-Master_126711CHNR_Root_Beer_Dial_Aug_2020.png?v=1723809426', 'https://cdn.shopify.com/s/files/1/0059/5152/0820/files/Rolex_Gmt-Master_126711CHNR_Root_Beer_Dial_Aug_2020.jpg?v=1723809433', 'https://cdn.shopify.com/s/files/1/0059/5152/0820/files/Rolex_Gmt-Master_126711CHNR_Root_Beer_Dial_Aug_2020-3.jpg?v=1723809442', 'https://cdn.shopify.com/s/files/1/0059/5152/0820/files/Rolex_Gmt-Master_126711CHNR_Root_Beer_Dial_Aug_2020-4.jpg?v=1723809451', 'https://cdn.shopify.com/s/files/1/0059/5152/0820/files/Rolex_Gmt-Master_126711CHNR_Root_Beer_Dial_Aug_2020-5.jpg?v=1723809459', 'https://cdn.shopify.com/s/files/1/0059/5152/0820/files/Rolex_Gmt-Master_126711CHNR_Root_Beer_Dial_Aug_2020-6.jpg?v=1723809466', 'https://cdn.shopify.com/s/files/1/0059/5152/0820/files/Rolex_Gmt-Master_126711CHNR_Root_Beer_Dial_Aug_2020-7.jpg?v=1723809473']"
Rolex Sea-Dweller Deepsea 126660 D-Blue Dial Jun 2018,"Introducing the Rolex Sea-Dweller Deepsea 126660, a timepiece renowned for its exceptional craftsmanship and cutting-edge technology. This distinguished watch features an automatic movement housed in a robust 44mm stainless steel case, ensuring both precision and durability. The scratch-resistant sapphire crystal protects the striking deep blue dial, showcasing a mesmerizing gradient effect.","{""Brand"": ""Rolex"", ""Reference #"": ""126660"", ""Serial N."": ""5H2SXXXX"", ""Movement"": ""Automatic"", ""Crystal"": ""Sapphire Crystal"", ""Dial"": ""D-BLUE"", ""Bracelet"": ""OYSTER"", ""Paper Status"": ""20-jun-2018"", ""Condition"": ""Excellent"", ""Warranty"": ""2 Years"", ""Chrononation SKU"": ""RX1768-02""}",13200.00,"['https://cdn.shopify.com/s/files/1/0059/5152/0820/files/Rolex_Sea-Dweller_Deepsea_126660_D-Blue_Dial_Jun_2018.png?v=1723809199', 'https://cdn.shopify.com/s/files/1/0059/5152/0820/files/Rolex_Sea-Dweller_Deepsea_126660_D-Blue_Dial_Jun_2018.jpg?v=1723809206', 'https://cdn.shopify.com/s/files/1/0059/5152/0820/files/Rolex_Sea-Dweller_Deepsea_126660_D-Blue_Dial_Jun_2018-3.jpg?v=1723809214', 'https://cdn.shopify.com/s/files/1/0059/5152/0820/files/Rolex_Sea-Dweller_Deepsea_126660_D-Blue_Dial_Jun_2018-4.jpg?v=1723809221', 'https://cdn.shopify.com/s/files/1/0059/5152/0820/files/Rolex_Sea-Dweller_Deepsea_126660_D-Blue_Dial_Jun_2018-5.jpg?v=1723809228', 'https://cdn.shopify.com/s/files/1/0059/5152/0820/files/Rolex_Sea-Dweller_Deepsea_126660_D-Blue_Dial_Jun_2018-6.jpg?v=1723809235', 'https://cdn.shopify.com/s/files/1/0059/5152/0820/files/Rolex_Sea-Dweller_Deepsea_126660_D-Blue_Dial_Jun_2018-7.jpg?v=1723809244']"
Rolex Datejust 126333 Black Dial May 2021,"The Rolex Datejust 126333 is a luxurious and timeless watch that combines classic style with modern features. It features a 41mm stainless steel case with a fluted bezel, a black dial with Roman numerals, and a date window at 3 o'clock. The watch is powered by a self-winding movement and is water resistant to 100 meters. It comes with a Jubilee oyster and a deployant clasp.","{""Brand"": ""Rolex"", ""Reference #"": ""126333"", ""Serial N."": ""3100XXXX"", ""Movement"": ""Automatic"", ""Crystal"": ""Sapphire Crystal"", ""Dial"": ""BLACK"", ""Bracelet"": ""OYSTER"", ""Paper Status"": ""17-may-2021"", ""Condition"": ""Excellent"", ""Warranty"": ""2 Years"", ""Chrononation SKU"": ""RX1767-02""}",13600.00,"['https://cdn.shopify.com/s/files/1/0059/5152/0820/files/Rolex_Datejust_126333_Black_Dial_May_2021.png?v=1723808957', 'https://cdn.shopify.com/s/files/1/0059/5152/0820/files/Rolex_Datejust_126333_Black_Dial_May_2021.jpg?v=1723808964', 'https://cdn.shopify.com/s/files/1/0059/5152/0820/files/Rolex_Datejust_126333_Black_Dial_May_2021-3.jpg?v=1723808972', 'https://cdn.shopify.com/s/files/1/0059/5152/0820/files/Rolex_Datejust_126333_Black_Dial_May_2021-4.jpg?v=1723808980', 'https://cdn.shopify.com/s/files/1/0059/5152/0820/files/Rolex_Datejust_126333_Black_Dial_May_2021-5.jpg?v=1723808988', 'https://cdn.shopify.com/s/files/1/0059/5152/0820/files/Rolex_Datejust_126333_Black_Dial_May_2021-6.jpg?v=1723808996', 'https://cdn.shopify.com/s/files/1/0059/5152/0820/files/Rolex_Datejust_126333_Black_Dial_May_2021-7.jpg?v=1723809004']"
Rolex Datejust 126300 Green Dial Apr 2024,"The Rolex Datejust 126300 is a luxury automatic watch that is known for its stylish design, Swiss craftsmanship, and high-quality materials. This particular model is made of stainless steel and features a beautiful green dial, domed bezel, oyster bracelet, and sapphire crystal. The watch is 41mm in size and is water-resistant to 100 meters. It also features an in-house caliber 3136 movement, which is a testament to its accuracy and reliability.","{""Brand"": ""Rolex"", ""Reference #"": ""126300"", ""Serial N."": ""123YXXXX"", ""Movement"": ""Automatic"", ""Crystal"": ""Sapphire Crystal"", ""Dial"": ""GREEN"", ""Bracelet"": ""JUBILEE"", ""Paper Status"": ""21-Apr-2024"", ""Condition"": ""Excellent"", ""Warranty"": ""2 Years"", ""Chrononation SKU"": ""RX1766-02""}",11450.00,"['https://cdn.shopify.com/s/files/1/0059/5152/0820/files/Rolex_Datejust_126300_Green_Dial_Apr_2024.png?v=1723734065', 'https://cdn.shopify.com/s/files/1/0059/5152/0820/files/Rolex_Datejust_126300_Green_Dial_Apr_2024.jpg?v=1723734072', 'https://cdn.shopify.com/s/files/1/0059/5152/0820/files/Rolex_Datejust_126300_Green_Dial_Apr_2024-3.jpg?v=1723734080', 'https://cdn.shopify.com/s/files/1/0059/5152/0820/files/Rolex_Datejust_126300_Green_Dial_Apr_2024-4.jpg?v=1723734088', 'https://cdn.shopify.com/s/files/1/0059/5152/0820/files/Rolex_Datejust_126300_Green_Dial_Apr_2024-5.jpg?v=1723734095', 'https://cdn.shopify.com/s/files/1/0059/5152/0820/files/Rolex_Datejust_126300_Green_Dial_Apr_2024-6.jpg?v=1723734102', 'https://cdn.shopify.com/s/files/1/0059/5152/0820/files/Rolex_Datejust_126300_Green_Dial_Apr_2024-7.jpg?v=1723734109']"
Rolex Datejust 126233G Champagne Diamond Dial Jan 2020,"The Rolex Datejust 126233G is a luxury watch that is known for its timeless design, durability, and accuracy. It is a popular choice among professionals and watch collectors alike. The Datejust 126233G features a 36mm stainless steel case with a fluted bezel, a champagne diamond dial, and a date window. It is powered by an automatic movement and is water-resistant to 100 meters","{""Brand"": ""Rolex"", ""Reference #"": ""126233G"", ""Serial N."": ""282PXXXX"", ""Movement"": ""Automatic"", ""Crystal"": ""Sapphire Crystal"", ""Dial"": ""CHAMPAGNE DIAMOND"", ""Bracelet"": ""JUBILEE"", ""Paper Status"": ""20-Jan-2020"", ""Condition"": ""Excellent"", ""Warranty"": ""2 Years"", ""Chrononation SKU"": ""RX1765-02""}",13500.00,"['https://cdn.shopify.com/s/files/1/0059/5152/0820/files/Rolex_Datejust_126233G_Champagne_Diamond_Dial_Jan_2020.png?v=1723733833', 'https://cdn.shopify.com/s/files/1/0059/5152/0820/files/Rolex_Datejust_126233G_Champagne_Diamond_Dial_Jan_2020.jpg?v=1723733840', 'https://cdn.shopify.com/s/files/1/0059/5152/0820/files/Rolex_Datejust_126233G_Champagne_Diamond_Dial_Jan_2020-3.jpg?v=1723733847', 'https://cdn.shopify.com/s/files/1/0059/5152/0820/files/Rolex_Datejust_126233G_Champagne_Diamond_Dial_Jan_2020-4.jpg?v=1723733854', 'https://cdn.shopify.com/s/files/1/0059/5152/0820/files/Rolex_Datejust_126233G_Champagne_Diamond_Dial_Jan_2020-5.jpg?v=1723733861', 'https://cdn.shopify.com/s/files/1/0059/5152/0820/files/Rolex_Datejust_126233G_Champagne_Diamond_Dial_Jan_2020-6.jpg?v=1723733868', 'https://cdn.shopify.com/s/files/1/0059/5152/0820/files/Rolex_Datejust_126233G_Champagne_Diamond_Dial_Jan_2020-7.jpg?v=1723733876']"
Rolex Air-King 116900 Black Dial Aug 2017,"The Rolex Air-King 116900 is a luxury pilot's watch that is known for its durability, accuracy, and water resistance. It is a popular choice among professionals and watch collectors alike. The Air-King 116900 features a 40mm stainless steel case with a black dial with date window, and a screw-down crown. It is powered by an automatic movement and is water-resistant to 100 meters. The Air-King 116900 also features a 3-6-9 hour markers, which is a classic design element of pilot's watches","{""Brand"": ""Rolex"", ""Reference #"": ""116900"", ""Serial N."": ""TF34XXXX"", ""Movement"": ""Automatic"", ""Crystal"": ""Sapphire Crystal"", ""Dial"": ""BLACK"", ""Bracelet"": ""OYSTER"", ""Paper Status"": ""29-Aug-2017"", ""Condition"": ""Excellent"", ""Warranty"": ""2 Years"", ""Chrononation SKU"": ""RX1764-02""}",7100.00,"['https://cdn.shopify.com/s/files/1/0059/5152/0820/files/Rolex_Air-King_116900_Black_Dial_Aug_2017.png?v=1723733607', 'https://cdn.shopify.com/s/files/1/0059/5152/0820/files/Rolex_Air-King_116900_Black_Dial_Aug_2017.jpg?v=1723733614', 'https://cdn.shopify.com/s/files/1/0059/5152/0820/files/Rolex_Air-King_116900_Black_Dial_Aug_2017-3.jpg?v=1723733622', 'https://cdn.shopify.com/s/files/1/0059/5152/0820/files/Rolex_Air-King_116900_Black_Dial_Aug_2017-4.jpg?v=1723733628', 'https://cdn.shopify.com/s/files/1/0059/5152/0820/files/Rolex_Air-King_116900_Black_Dial_Aug_2017-5.jpg?v=1723733636']"
Rolex Submariner Date 116610LV Hulk Mar 2016,"The Rolex Submariner 'HULK' 116610LV is a luxury automatic watch that is known for its stylish design, Swiss craftsmanship, and high-quality materials. This particular model is made of stainless steel and features a beautiful green dial, green bezel, oyster bracelet, and sapphire crystal. The watch is 40mm in size and is water-resistant to 100 meters. It also features an in-house caliber 3135 movement, which is a testament to its accuracy and reliability.","{""Brand"": ""Rolex"", ""Reference #"": ""116610LV"", ""Serial N."": ""P412XXXX"", ""Movement"": ""Automatic"", ""Crystal"": ""Sapphire Crystal"", ""Dial"": ""HULK"", ""Bracelet"": ""OYSTER"", ""Paper Status"": ""01-mar-2016"", ""Condition"": ""Excellent"", ""Warranty"": ""2 Years"", ""Chrononation SKU"": ""RX1763-02""}",17900.00,"['https://cdn.shopify.com/s/files/1/0059/5152/0820/files/Rolex_Submariner_Date_116610LV_Hulk_Mar_2016.png?v=1723732599', 'https://cdn.shopify.com/s/files/1/0059/5152/0820/files/Rolex_Submariner_Date_116610LV_Hulk_Mar_2016.jpg?v=1723732606', 'https://cdn.shopify.com/s/files/1/0059/5152/0820/files/Rolex_Submariner_Date_116610LV_Hulk_Mar_2016-3.jpg?v=1723732613', 'https://cdn.shopify.com/s/files/1/0059/5152/0820/files/Rolex_Submariner_Date_116610LV_Hulk_Mar_2016-4.jpg?v=1723732620', 'https://cdn.shopify.com/s/files/1/0059/5152/0820/files/Rolex_Submariner_Date_116610LV_Hulk_Mar_2016-5.jpg?v=1723732631', 'https://cdn.shopify.com/s/files/1/0059/5152/0820/files/Rolex_Submariner_Date_116610LV_Hulk_Mar_2016-6.jpg?v=1723732638', 'https://cdn.shopify.com/s/files/1/0059/5152/0820/files/Rolex_Submariner_Date_116610LV_Hulk_Mar_2016-7.jpg?v=1723732644']"
Rolex Cosmograph Daytona 116508 Green Dial,"The Rolex Cosmograph Daytona 116508 is a classic luxury watch that is known for its timeless design, durability, and accuracy. It is a popular choice among professionals and watch collectors alike. The Cosmograph Daytona 116508 features a 40mm stainless steel case with a white gold bezel, a green dial with chronograph and tachymeter functions, and a date window at 3 o'clock. It is powered by an automatic movement and is water-resistant to 100 meters.","{""Brand"": ""Rolex"", ""Reference #"": ""116508"", ""Serial N."": ""281GXXXX"", ""Movement"": ""Automatic"", ""Crystal"": ""Sapphire Crystal"", ""Dial"": ""GREEN"", ""Bracelet"": ""OYSTER"", ""Paper Status"": ""-"", ""Condition"": ""Excellent"", ""Warranty"": ""2 Years"", ""Chrononation SKU"": ""RX1761-02""}",66500.00,"['https://cdn.shopify.com/s/files/1/0059/5152/0820/files/Rolex_Cosmograph_Daytona_116508_Green_Dial.png?v=1723732085', 'https://cdn.shopify.com/s/files/1/0059/5152/0820/files/Rolex_Cosmograph_Daytona_116508_Green_Dial.jpg?v=1723732092', 'https://cdn.shopify.com/s/files/1/0059/5152/0820/files/Rolex_Cosmograph_Daytona_116508_Green_Dial-3.jpg?v=1723732099', 'https://cdn.shopify.com/s/files/1/0059/5152/0820/files/Rolex_Cosmograph_Daytona_116508_Green_Dial-4.jpg?v=1723732106', 'https://cdn.shopify.com/s/files/1/0059/5152/0820/files/Rolex_Cosmograph_Daytona_116508_Green_Dial-5.jpg?v=1723732113', 'https://cdn.shopify.com/s/files/1/0059/5152/0820/files/Rolex_Cosmograph_Daytona_116508_Green_Dial-6.jpg?v=1723732120', 'https://cdn.shopify.com/s/files/1/0059/5152/0820/files/Rolex_Cosmograph_Daytona_116508_Green_Dial-7.jpg?v=1723732128']"
Rolex Datejust 116234G Silver Diamond Dial Mar 2014,"The Rolex Datejust 116234G is a classic luxury watch that is known for its timeless design, durability, and accuracy. It is a popular choice among professionals and watch collectors alike. The Datejust 116234G features a 36mm stainless steel case with a jubilee bezel, a silver diamond dial with Roman numerals and a date window at 3 o'clock. It is powered by an automatic movement and is water-resistant to 100 meters.","{""Brand"": ""Rolex"", ""Reference #"": ""116234G"", ""Serial N."": ""9811XXXX"", ""Movement"": ""Automatic"", ""Crystal"": ""Sapphire Crystal"", ""Dial"": ""SILVER DIAMOND"", ""Bracelet"": ""JUBILEE"", ""Paper Status"": ""26-mar-2014"", ""Condition"": ""Excellent"", ""Warranty"": ""2 Years"", ""Chrononation SKU"": ""RX1760-02""}",8650.00,"['https://cdn.shopify.com/s/files/1/0059/5152/0820/files/Rolex_Datejust_116234G_Silver_Diamond_Dial_Mar_2014.png?v=1723731742', 'https://cdn.shopify.com/s/files/1/0059/5152/0820/files/Rolex_Datejust_116234G_Silver_Diamond_Dial_Mar_2014.jpg?v=1723731749', 'https://cdn.shopify.com/s/files/1/0059/5152/0820/files/Rolex_Datejust_116234G_Silver_Diamond_Dial_Mar_2014-3.jpg?v=1723731766', 'https://cdn.shopify.com/s/files/1/0059/5152/0820/files/Rolex_Datejust_116234G_Silver_Diamond_Dial_Mar_2014-4.jpg?v=1723731773', 'https://cdn.shopify.com/s/files/1/0059/5152/0820/files/Rolex_Datejust_116234G_Silver_Diamond_Dial_Mar_2014-5.jpg?v=1723731780', 'https://cdn.shopify.com/s/files/1/0059/5152/0820/files/Rolex_Datejust_116234G_Silver_Diamond_Dial_Mar_2014-6.jpg?v=1723731788', 'https://cdn.shopify.com/s/files/1/0059/5152/0820/files/Rolex_Datejust_116234G_Silver_Diamond_Dial_Mar_2014-7.jpg?v=1723731796']"
Rolex Datejust 116200 Silver Roman Dial Sep 2014,"The Rolex Datejust 116200 is a luxury watch that is known for its timeless design, durability, and accuracy. It is a popular choice among professionals and watch collectors alike. The Datejust 116200 features a 36mm stainless steel case with a silver dial, and an oysterbracelet. It is powered by an automatic movement and is water-resistant to 100 meters.","{""Brand"": ""Rolex"", ""Reference #"": ""116200"", ""Serial N."": ""3N49XXXX"", ""Movement"": ""Automatic"", ""Crystal"": ""Sapphire Crystal"", ""Dial"": ""SILVER ROMAN"", ""Bracelet"": ""OYSTER"", ""Paper Status"": ""23-Sep-2014"", ""Condition"": ""Excellent"", ""Warranty"": ""2 Years"", ""Chrononation SKU"": ""RX1759-02""}",6450.00,"['https://cdn.shopify.com/s/files/1/0059/5152/0820/files/Rolex_Datejust_116200_Silver_Roman_Dial_Sep_2014.png?v=1723731444', 'https://cdn.shopify.com/s/files/1/0059/5152/0820/files/Rolex_Datejust_116200_Silver_Roman_Dial_Sep_2014.jpg?v=1723731476', 'https://cdn.shopify.com/s/files/1/0059/5152/0820/files/Rolex_Datejust_116200_Silver_Roman_Dial_Sep_2014-3.jpg?v=1723731483', 'https://cdn.shopify.com/s/files/1/0059/5152/0820/files/Rolex_Datejust_116200_Silver_Roman_Dial_Sep_2014-4.jpg?v=1723731491', 'https://cdn.shopify.com/s/files/1/0059/5152/0820/files/Rolex_Datejust_116200_Silver_Roman_Dial_Sep_2014-5.jpg?v=1723731498', 'https://cdn.shopify.com/s/files/1/0059/5152/0820/files/Rolex_Datejust_116200_Silver_Roman_Dial_Sep_2014-6.jpg?v=1723731505', 'https://cdn.shopify.com/s/files/1/0059/5152/0820/files/Rolex_Datejust_116200_Silver_Roman_Dial_Sep_2014-7.jpg?v=1723731512']"
Rolex Datejust 116200 Black Arabic Concentric Dial Jun 2009,"The Rolex Datejust 116200 is a luxury watch that is known for its timeless design, durability, and accuracy. It is a popular choice among professionals and watch collectors alike. The Datejust 116200 features a 36mm stainless steel case with a Black Arabic Concentric dial, and an oysterbracelet. It is powered by an automatic movement and is water-resistant to 100 meters.","{""Brand"": ""Rolex"", ""Reference #"": ""116200"", ""Serial N."": ""M15XXXX"", ""Movement"": ""Automatic"", ""Crystal"": ""Sapphire Crystal"", ""Dial"": ""BLACK ARABIC CONCENTRIC"", ""Bracelet"": ""OYSTER"", ""Paper Status"": ""23-jun-2009"", ""Condition"": ""Excellent"", ""Warranty"": ""2 Years"", ""Chrononation SKU"": ""RX1758-02""}",6350.00,"['https://cdn.shopify.com/s/files/1/0059/5152/0820/files/Rolex_Datejust_116200_Black_Arabic_Concentric_Dial_Jun_2009.png?v=1723731211', 'https://cdn.shopify.com/s/files/1/0059/5152/0820/files/Rolex_Datejust_116200_Black_Arabic_Concentric_Dial_Jun_2009.jpg?v=1723731218', 'https://cdn.shopify.com/s/files/1/0059/5152/0820/files/Rolex_Datejust_116200_Black_Arabic_Concentric_Dial_Jun_2009-3.jpg?v=1723731225', 'https://cdn.shopify.com/s/files/1/0059/5152/0820/files/Rolex_Datejust_116200_Black_Arabic_Concentric_Dial_Jun_2009-4.jpg?v=1723731232', 'https://cdn.shopify.com/s/files/1/0059/5152/0820/files/Rolex_Datejust_116200_Black_Arabic_Concentric_Dial_Jun_2009-5.jpg?v=1723731240', 'https://cdn.shopify.com/s/files/1/0059/5152/0820/files/Rolex_Datejust_116200_Black_Arabic_Concentric_Dial_Jun_2009-6.jpg?v=1723731247', 'https://cdn.shopify.com/s/files/1/0059/5152/0820/files/Rolex_Datejust_116200_Black_Arabic_Concentric_Dial_Jun_2009-7.jpg?v=1723731254']"
Rolex Sea-Dweller Deepsea 126660 Black Dial Aug 2022,"Introducing the Rolex Sea-Dweller Deepsea 126660, a timepiece renowned for its exceptional craftsmanship and cutting-edge technology. This distinguished watch features an automatic movement housed in a robust 44mm stainless steel case, ensuring both precision and durability. The scratch-resistant sapphire crystal protects the striking black dial, showcasing a mesmerizing gradient effect.","{""Brand"": ""Rolex"", ""Reference #"": ""126660"", ""Serial N."": ""468QXXXX"", ""Movement"": ""Automatic"", ""Crystal"": ""Sapphire Crystal"", ""Dial"": ""BLACK"", ""Bracelet"": ""OYSTER"", ""Paper Status"": ""28-Aug-2022"", ""Condition"": ""Excellent"", ""Warranty"": ""2 Years"", ""Chrononation SKU"": ""RX1757-02""}",10850.00,"['https://cdn.shopify.com/s/files/1/0059/5152/0820/files/Rolex_Sea-Dweller_Deepsea_126660_Black_Dial_Aug_2022.png?v=1723124137', 'https://cdn.shopify.com/s/files/1/0059/5152/0820/files/Rolex_Sea-Dweller_Deepsea_126660_Black_Dial_Aug_2022.jpg?v=1723124144', 'https://cdn.shopify.com/s/files/1/0059/5152/0820/files/Rolex_Sea-Dweller_Deepsea_126660_Black_Dial_Aug_2022-3.jpg?v=1723124152', 'https://cdn.shopify.com/s/files/1/0059/5152/0820/files/Rolex_Sea-Dweller_Deepsea_126660_Black_Dial_Aug_2022-4.jpg?v=1723124159', 'https://cdn.shopify.com/s/files/1/0059/5152/0820/files/Rolex_Sea-Dweller_Deepsea_126660_Black_Dial_Aug_2022-5.jpg?v=1723124166', 'https://cdn.shopify.com/s/files/1/0059/5152/0820/files/Rolex_Sea-Dweller_Deepsea_126660_Black_Dial_Aug_2022-6.jpg?v=1723124173', 'https://cdn.shopify.com/s/files/1/0059/5152/0820/files/Rolex_Sea-Dweller_Deepsea_126660_Black_Dial_Aug_2022-7.jpg?v=1723124180']"
Rolex Submariner Date 126610LV Starbucks Dial Sep 2021,"The Rolex Submariner Date 126610LV Starbucks is a luxury watch that is sure to turn heads. It features a 41mm stainless steel case with a green ceramic bezel, a Starbucks dial with luminous hour markers and hands, and a date window at 3 o'clock. The watch is powered by a self-winding movement and is water resistant to 300 meters. It comes with a stainless steel Oyster bracelet and a fliplock safety clasp.","{""Brand"": ""Rolex"", ""Reference #"": ""126610LV"", ""Serial N."": ""01CAXXXX"", ""Movement"": ""Automatic"", ""Crystal"": ""Sapphire Crystal"", ""Dial"": ""STARBUCKS"", ""Bracelet"": ""OYSTER"", ""Paper Status"": ""11-Sep-2021"", ""Condition"": ""Excellent"", ""Warranty"": ""2 Years"", ""Chrononation SKU"": ""RX1756-02""}",14600.00,"['https://cdn.shopify.com/s/files/1/0059/5152/0820/files/Rolex_Submariner_Date_126610LV_Starbucks_Dial_Sep_2021.png?v=1723123744', 'https://cdn.shopify.com/s/files/1/0059/5152/0820/files/Rolex_Submariner_Date_126610LV_Starbucks_Dial_Sep_2021.jpg?v=1723123751', 'https://cdn.shopify.com/s/files/1/0059/5152/0820/files/Rolex_Submariner_Date_126610LV_Starbucks_Dial_Sep_2021-3.jpg?v=1723123759', 'https://cdn.shopify.com/s/files/1/0059/5152/0820/files/Rolex_Submariner_Date_126610LV_Starbucks_Dial_Sep_2021-4.jpg?v=1723123766', 'https://cdn.shopify.com/s/files/1/0059/5152/0820/files/Rolex_Submariner_Date_126610LV_Starbucks_Dial_Sep_2021-5.jpg?v=1723123773', 'https://cdn.shopify.com/s/files/1/0059/5152/0820/files/Rolex_Submariner_Date_126610LV_Starbucks_Dial_Sep_2021-6.jpg?v=1723123781', 'https://cdn.shopify.com/s/files/1/0059/5152/0820/files/Rolex_Submariner_Date_126610LV_Starbucks_Dial_Sep_2021-7.jpg?v=1723123788']"
Rolex Datejust 126334 Slate Dial Jul 2024,"The Rolex Datejust 126334 is a luxurious and timeless watch that combines classic style with modern features. It features a 41mm stainless steel case with a fluted bezel, a slate dial, and a date window at 3 o'clock. The watch is powered by a self-winding movement and is water resistant to 100 meters. It comes with a oyster and a deployant clasp.","{""Brand"": ""Rolex"", ""Reference #"": ""126334"", ""Serial N."": ""24N8XXXX"", ""Movement"": ""Automatic"", ""Crystal"": ""Sapphire Crystal"", ""Dial"": ""SLATE"", ""Bracelet"": ""OYSTER"", ""Paper Status"": ""09-jul-2024"", ""Condition"": ""Excellent"", ""Warranty"": ""2 Years"", ""Chrononation SKU"": ""RX1755-02""}",12800.00,"['https://cdn.shopify.com/s/files/1/0059/5152/0820/files/Rolex_Datejust_126334_Slate_Dial_Jul_2024.png?v=1723123493', 'https://cdn.shopify.com/s/files/1/0059/5152/0820/files/Rolex_Datejust_126334_Slate_Dial_Jul_2024.jpg?v=1723123502', 'https://cdn.shopify.com/s/files/1/0059/5152/0820/files/Rolex_Datejust_126334_Slate_Dial_Jul_2024-3.jpg?v=1723123509', 'https://cdn.shopify.com/s/files/1/0059/5152/0820/files/Rolex_Datejust_126334_Slate_Dial_Jul_2024-4.jpg?v=1723123517', 'https://cdn.shopify.com/s/files/1/0059/5152/0820/files/Rolex_Datejust_126334_Slate_Dial_Jul_2024-5.jpg?v=1723123525', 'https://cdn.shopify.com/s/files/1/0059/5152/0820/files/Rolex_Datejust_126334_Slate_Dial_Jul_2024-6.jpg?v=1723123533', 'https://cdn.shopify.com/s/files/1/0059/5152/0820/files/Rolex_Datejust_126334_Slate_Dial_Jul_2024-7.jpg?v=1723123540']"
Rolex Oyster Perpetual 124300 Silver Dial Oct 2022,"The Rolex Oyster Perpetual 124300 is a luxury watch that is known for its timeless design, durability, and accuracy. It is a popular choice among professionals and watch collectors alike. The Oyster Perpetual 124300 features a 41mm stainless steel case with a silver dial, and a screw-down crown. It is powered by an automatic movement and is water-resistant to 100 meters.","{""Brand"": ""Rolex"", ""Reference #"": ""124300"", ""Serial N."": ""XXXX"", ""Movement"": ""Automatic"", ""Crystal"": ""Sapphire Crystal"", ""Dial"": ""SILVER"", ""Bracelet"": ""ROSE GOLD"", ""Paper Status"": ""05-oct-2022"", ""Condition"": ""Excellent"", ""Warranty"": ""2 Years"", ""Chrononation SKU"": ""RX1754-02""}",7850.00,"['https://cdn.shopify.com/s/files/1/0059/5152/0820/files/Rolex_Oyster_Perpetual_124300_Silver_Dial_Oct_2022.png?v=1723123220', 'https://cdn.shopify.com/s/files/1/0059/5152/0820/files/Rolex_Oyster_Perpetual_124300_Silver_Dial_Oct_2022.jpg?v=1723123227', 'https://cdn.shopify.com/s/files/1/0059/5152/0820/files/Rolex_Oyster_Perpetual_124300_Silver_Dial_Oct_2022-3.jpg?v=1723123234', 'https://cdn.shopify.com/s/files/1/0059/5152/0820/files/Rolex_Oyster_Perpetual_124300_Silver_Dial_Oct_2022-4.jpg?v=1723123242', 'https://cdn.shopify.com/s/files/1/0059/5152/0820/files/Rolex_Oyster_Perpetual_124300_Silver_Dial_Oct_2022-5.jpg?v=1723123248', 'https://cdn.shopify.com/s/files/1/0059/5152/0820/files/Rolex_Oyster_Perpetual_124300_Silver_Dial_Oct_2022-6.jpg?v=1723123258', 'https://cdn.shopify.com/s/files/1/0059/5152/0820/files/Rolex_Oyster_Perpetual_124300_Silver_Dial_Oct_2022-7.jpg?v=1723123265']"
Patek Philippe Calatrava 6119G-001 Black Dial May 2022,"The Patek Philippe Calatrava 6119G-001  is a classic and elegant watch that is perfect for any occasion. It features a 39mm white gold case with a black dial. The watch is powered by the Patek Philippe Caliber 30-255 PS, a hand-wound chronograph movement with a date complication. The watch is water resistant to 30 meters and comes on a black crocodile bracelet.","{""Brand"": ""Patek Philippe"", ""Reference #"": ""6119G-001"", ""Serial N."": ""748XXXX/654XXXX"", ""Movement"": ""Automatic"", ""Crystal"": ""Sapphire Crystal"", ""Dial"": ""BLACK"", ""Bracelet"": ""BLACK CROCODILE"", ""Paper Status"": ""13-may-2022"", ""Condition"": ""Excellent"", ""Warranty"": ""2 Years"", ""Chrononation SKU"": ""PP0109-02""}",28665.00,"['https://cdn.shopify.com/s/files/1/0059/5152/0820/files/Patek_Philippe_Calatrava_6119G-001_Black_Dial_May_2022.png?v=1723122344', 'https://cdn.shopify.com/s/files/1/0059/5152/0820/files/Patek_Philippe_Calatrava_6119G-001_Black_Dial_May_2022.jpg?v=1723122351', 'https://cdn.shopify.com/s/files/1/0059/5152/0820/files/Patek_Philippe_Calatrava_6119G-001_Black_Dial_May_2022-3.jpg?v=1723122359', 'https://cdn.shopify.com/s/files/1/0059/5152/0820/files/Patek_Philippe_Calatrava_6119G-001_Black_Dial_May_2022-4.jpg?v=1723122366', 'https://cdn.shopify.com/s/files/1/0059/5152/0820/files/Patek_Philippe_Calatrava_6119G-001_Black_Dial_May_2022-5.jpg?v=1723122374', 'https://cdn.shopify.com/s/files/1/0059/5152/0820/files/Patek_Philippe_Calatrava_6119G-001_Black_Dial_May_2022-6.jpg?v=1723122381', 'https://cdn.shopify.com/s/files/1/0059/5152/0820/files/Patek_Philippe_Calatrava_6119G-001_Black_Dial_May_2022-7.jpg?v=1723122388']"
Patek Philippe Calatrava 6006G-001 Black Dial Dec 2018,"The Patek Philippe Calatrava 6006G-001 is a classic and elegant watch that is perfect for any occasion. It features a 39mm white gold case with a black dial. The watch is powered by the Patek Philippe Caliber 30-255 PS, a hand-wound chronograph movement with a date complication. The watch is water resistant to 30 meters and comes on a black crocodile bracelet.","{""Brand"": ""Patek Philippe"", ""Reference #"": ""6006G-001"", ""Serial N."": ""718XXXX/628XXXX"", ""Movement"": ""Automatic"", ""Crystal"": ""Sapphire Crystal"", ""Dial"": ""BLACK"", ""Bracelet"": ""BLACK CROCODILE"", ""Paper Status"": ""02-Dec-2018"", ""Condition"": ""Excellent"", ""Warranty"": ""2 Years"", ""Chrononation SKU"": ""PP0108-02""}",25850.00,"['https://cdn.shopify.com/s/files/1/0059/5152/0820/files/Patek_Philippe_Calatrava_6006G-001_Black_Dial_Dec_2018.png?v=1723122089', 'https://cdn.shopify.com/s/files/1/0059/5152/0820/files/Patek_Philippe_Calatrava_6006G-001_Black_Dial_Dec_2018.jpg?v=1723122096', 'https://cdn.shopify.com/s/files/1/0059/5152/0820/files/Patek_Philippe_Calatrava_6006G-001_Black_Dial_Dec_2018-3.jpg?v=1723122103', 'https://cdn.shopify.com/s/files/1/0059/5152/0820/files/Patek_Philippe_Calatrava_6006G-001_Black_Dial_Dec_2018-4.jpg?v=1723122110', 'https://cdn.shopify.com/s/files/1/0059/5152/0820/files/Patek_Philippe_Calatrava_6006G-001_Black_Dial_Dec_2018-5.jpg?v=1723122119', 'https://cdn.shopify.com/s/files/1/0059/5152/0820/files/Patek_Philippe_Calatrava_6006G-001_Black_Dial_Dec_2018-6.jpg?v=1723122126', 'https://cdn.shopify.com/s/files/1/0059/5152/0820/files/Patek_Philippe_Calatrava_6006G-001_Black_Dial_Dec_2018-7.jpg?v=1723122134']"
Patek Philippe Annual Calendar Moonphase 5205G-013 Blue Dial,"The Patek Philippe Annual Calendar Moonphase 5205G-013 is a luxurious and versatile watch that is perfect for any occasion. It features a 40mm white gold case, a blue dial with applied baton indexes and a date window, and an automatic movement with an annual calendar complication. The watch is water resistant to 30 meters and has a power reserve of 48 hours. It is a highly sought-after watch that is considered to be one of the most iconic watches in the world.","{""Brand"": ""Patek Philippe"", ""Reference #"": ""5205G-013"", ""Serial N."": ""765XXXX"", ""Movement"": ""Automatic"", ""Crystal"": ""Sapphire Crystal"", ""Dial"": ""BLUE"", ""Bracelet"": ""BLACK CROCODILE"", ""Paper Status"": """", ""Condition"": ""Excellent"", ""Warranty"": ""2 Years"", ""Chrononation SKU"": ""PP0107-02""}",43230.00,"['https://cdn.shopify.com/s/files/1/0059/5152/0820/files/Patek_Philippe_Annual_Calendar_Moonphase_5205G-013_Blue_Dial.png?v=1723121802', 'https://cdn.shopify.com/s/files/1/0059/5152/0820/files/Patek_Philippe_Annual_Calendar_Moonphase_5205G-013_Blue_Dial-2.jpg?v=1723121809', 'https://cdn.shopify.com/s/files/1/0059/5152/0820/files/Patek_Philippe_Annual_Calendar_Moonphase_5205G-013_Blue_Dial-3.jpg?v=1723121816', 'https://cdn.shopify.com/s/files/1/0059/5152/0820/files/Patek_Philippe_Annual_Calendar_Moonphase_5205G-013_Blue_Dial-4.jpg?v=1723121825', 'https://cdn.shopify.com/s/files/1/0059/5152/0820/files/Patek_Philippe_Annual_Calendar_Moonphase_5205G-013_Blue_Dial-5.jpg?v=1723121833', 'https://cdn.shopify.com/s/files/1/0059/5152/0820/files/Patek_Philippe_Annual_Calendar_Moonphase_5205G-013_Blue_Dial-6.jpg?v=1723121840', 'https://cdn.shopify.com/s/files/1/0059/5152/0820/files/Patek_Philippe_Annual_Calendar_Moonphase_5205G-013_Blue_Dial-7.jpg?v=1723121848', 'https://cdn.shopify.com/s/files/1/0059/5152/0820/files/Patek_Philippe_Annual_Calendar_Moonphase_5205G-013_Blue_Dial-8.jpg?v=1723121856']"
Audemars Piguet Royal Oak Offshore Chronograph 26238TI.OO.A056CA.01 Green Dial Dec 2021,"The Audemars Piguet Royal Oak Offshore Chronograph 26238TI.OO.A056CA.01 is a distinctive timepiece that seamlessly merges luxury and precision. With an automatic movement encased in stainless steel, this watch features a 42mm diameter and a striking green dial protected by a scratch-resistant sapphire crystal. The steel enhances its modern and elegant design.","{""Brand"": ""Audemars Piguet"", ""Reference #"": ""26238TI.OO.A056CA.01"", ""Serial N."": ""WK6XXXX"", ""Movement"": ""Automatic"", ""Crystal"": ""Sapphire Crystal"", ""Dial"": ""GREEN"", ""Bracelet"": ""GREEN RUBBER"", ""Paper Status"": ""02-Dec-2021"", ""Condition"": ""Excellent"", ""Warranty"": ""2 Years"", ""Chrononation SKU"": ""AP0123-02""}",34350.00,"['https://cdn.shopify.com/s/files/1/0059/5152/0820/files/Audemars_Piguet_Royal_Oak_Offshore_Chronograph_26238TI.OO.A056CA.01_Green_Dial_Dec_2021.png?v=1723120282', 'https://cdn.shopify.com/s/files/1/0059/5152/0820/files/Audemars_Piguet_Royal_Oak_Offshore_Chronograph_26238TI.OO.A056CA.01_Green_Dial_Dec_2021.jpg?v=1723120289', 'https://cdn.shopify.com/s/files/1/0059/5152/0820/files/Audemars_Piguet_Royal_Oak_Offshore_Chronograph_26238TI.OO.A056CA.01_Green_Dial_Dec_2021-3.jpg?v=1723120297', 'https://cdn.shopify.com/s/files/1/0059/5152/0820/files/Audemars_Piguet_Royal_Oak_Offshore_Chronograph_26238TI.OO.A056CA.01_Green_Dial_Dec_2021-4.jpg?v=1723120304', 'https://cdn.shopify.com/s/files/1/0059/5152/0820/files/Audemars_Piguet_Royal_Oak_Offshore_Chronograph_26238TI.OO.A056CA.01_Green_Dial_Dec_2021-5.jpg?v=1723120318', 'https://cdn.shopify.com/s/files/1/0059/5152/0820/files/Audemars_Piguet_Royal_Oak_Offshore_Chronograph_26238TI.OO.A056CA.01_Green_Dial_Dec_2021-6.jpg?v=1723120325', 'https://cdn.shopify.com/s/files/1/0059/5152/0820/files/Audemars_Piguet_Royal_Oak_Offshore_Chronograph_26238TI.OO.A056CA.01_Green_Dial_Dec_2021-7.jpg?v=1723120333']"
Audemars Piguet Royal Oak Offshore Chronograph 25940SK.OO.D002CA.03 Black Dial May 2013,"The Audemars Piguet Royal Oak Offshore Chronograph 25940SK.OO.D002CA.03 is a distinctive timepiece that seamlessly merges luxury and precision. With an automatic movement encased in stainless steel, this watch features a 42mm diameter and a striking black dial protected by a scratch-resistant sapphire crystal. The black rubber enhances its modern and elegant design.","{""Brand"": ""Audemars Piguet"", ""Reference #"": ""25940SK.OO.D002CA.03"", ""Serial N."": ""H76XXX"", ""Movement"": ""Automatic"", ""Crystal"": ""Sapphire Crystal"", ""Dial"": ""BLACK"", ""Bracelet"": ""BLACK RUBBER"", ""Paper Status"": ""31-may-2013"", ""Condition"": ""Excellent"", ""Warranty"": ""2 Years"", ""Chrononation SKU"": ""AP0122-02""}",19800.00,"['https://cdn.shopify.com/s/files/1/0059/5152/0820/files/Audemars_Piguet_Royal_Oak_Offshore_Chronograph_25940SK.OO.D002CA.03_Black_Dial_May_2013.png?v=1723046505', 'https://cdn.shopify.com/s/files/1/0059/5152/0820/files/Audemars_Piguet_Royal_Oak_Offshore_Chronograph_25940SK.OO.D002CA.03_Black_Dial_May_2013.jpg?v=1723046510', 'https://cdn.shopify.com/s/files/1/0059/5152/0820/files/Audemars_Piguet_Royal_Oak_Offshore_Chronograph_25940SK.OO.D002CA.03_Black_Dial_May_2013-3.jpg?v=1723046517', 'https://cdn.shopify.com/s/files/1/0059/5152/0820/files/Audemars_Piguet_Royal_Oak_Offshore_Chronograph_25940SK.OO.D002CA.03_Black_Dial_May_2013-4.jpg?v=1723046523', 'https://cdn.shopify.com/s/files/1/0059/5152/0820/files/Audemars_Piguet_Royal_Oak_Offshore_Chronograph_25940SK.OO.D002CA.03_Black_Dial_May_2013-5.jpg?v=1723046530', 'https://cdn.shopify.com/s/files/1/0059/5152/0820/files/Audemars_Piguet_Royal_Oak_Offshore_Chronograph_25940SK.OO.D002CA.03_Black_Dial_May_2013-6.jpg?v=1723046537', 'https://cdn.shopify.com/s/files/1/0059/5152/0820/files/Audemars_Piguet_Royal_Oak_Offshore_Chronograph_25940SK.OO.D002CA.03_Black_Dial_May_2013-7.jpg?v=1723046544']"
Audemars Piguet Royal Oak Nick Faldo 15190SP.OO.0789ST.01 Black Dial,"The Audemars Piguet Royal Oak Nick Faldo 15190SP.OO.0789ST.01 is a distinctive timepiece that seamlessly merges luxury and precision. With an automatic movement encased in platinum case, this watch features a 36mm diameter and a striking black protected by a scratch-resistant sapphire crystal. The steel bracelet with a full complement of links enhances its modern and elegant design.","{""Brand"": ""Audemars Piguet"", ""Reference #"": ""15190SP.OO.0789ST.01"", ""Serial N."": ""E88XXX"", ""Movement"": ""Automatic"", ""Crystal"": ""Sapphire Crystal"", ""Dial"": ""BLACK ARABIC"", ""Bracelet"": ""STEEL"", ""Paper Status"": ""-"", ""Condition"": ""Excellent"", ""Warranty"": ""2 Years"", ""Chrononation SKU"": ""AP0121-02""}",23050.00,"['https://cdn.shopify.com/s/files/1/0059/5152/0820/files/Audemars_Piguet_Royal_Oak_Nick_Faldo_15190SP.OO.0789ST.01_Black_Dial.png?v=1723046166', 'https://cdn.shopify.com/s/files/1/0059/5152/0820/files/Audemars_Piguet_Royal_Oak_Nick_Faldo_15190SP.OO.0789ST.01_Black_Dial-2.jpg?v=1723046173', 'https://cdn.shopify.com/s/files/1/0059/5152/0820/files/Audemars_Piguet_Royal_Oak_Nick_Faldo_15190SP.OO.0789ST.01_Black_Dial-3.jpg?v=1723046179', 'https://cdn.shopify.com/s/files/1/0059/5152/0820/files/Audemars_Piguet_Royal_Oak_Nick_Faldo_15190SP.OO.0789ST.01_Black_Dial-4.jpg?v=1723046186', 'https://cdn.shopify.com/s/files/1/0059/5152/0820/files/Audemars_Piguet_Royal_Oak_Nick_Faldo_15190SP.OO.0789ST.01_Black_Dial-5.jpg?v=1723046192', 'https://cdn.shopify.com/s/files/1/0059/5152/0820/files/Audemars_Piguet_Royal_Oak_Nick_Faldo_15190SP.OO.0789ST.01_Black_Dial-6.jpg?v=1723046199', 'https://cdn.shopify.com/s/files/1/0059/5152/0820/files/Audemars_Piguet_Royal_Oak_Nick_Faldo_15190SP.OO.0789ST.01_Black_Dial-7.jpg?v=1723046205', 'https://cdn.shopify.com/s/files/1/0059/5152/0820/files/Audemars_Piguet_Royal_Oak_Nick_Faldo_15190SP.OO.0789ST.01_Black_Dial-8.jpg?v=1723046212']"
Rolex Submariner date 16610LV Kermit Dial Mar 2007,The Rolex Submariner Date 16610LV is a classic and iconic diver's watch that is perfect for any occasion. It features a 40mm stainless steel case with a kermit dial and a date window at 3 o'clock. The watch is powered by an automatic movement and is water resistant to 300 meters. It comes with a stainless steel Oyster bracelet and a folding Oysterclasp.,"{""Brand"": ""Rolex"", ""Reference #"": ""16610LV"", ""Serial N."": ""Z37XXXX"", ""Movement"": ""Automatic"", ""Crystal"": ""Sapphire Crystal"", ""Dial"": ""KERMIT"", ""Bracelet"": ""OYSTER"", ""Paper Status"": ""19-mar-2007"", ""Condition"": ""Excellent"", ""Warranty"": ""2 Years"", ""Chrononation SKU"": ""RX1752-02""}",13500.00,"['https://cdn.shopify.com/s/files/1/0059/5152/0820/files/Rolex_Submariner_date_16610LV_Kermit_Dial_Mar_2007.png?v=1723045757', 'https://cdn.shopify.com/s/files/1/0059/5152/0820/files/Rolex_Submariner_date_16610LV_Kermit_Dial_Mar_2007.jpg?v=1723045763', 'https://cdn.shopify.com/s/files/1/0059/5152/0820/files/Rolex_Submariner_date_16610LV_Kermit_Dial_Mar_2007-3.jpg?v=1723045771', 'https://cdn.shopify.com/s/files/1/0059/5152/0820/files/Rolex_Submariner_date_16610LV_Kermit_Dial_Mar_2007-4.jpg?v=1723045778', 'https://cdn.shopify.com/s/files/1/0059/5152/0820/files/Rolex_Submariner_date_16610LV_Kermit_Dial_Mar_2007-5.jpg?v=1723045785', 'https://cdn.shopify.com/s/files/1/0059/5152/0820/files/Rolex_Submariner_date_16610LV_Kermit_Dial_Mar_2007-6.jpg?v=1723045791', 'https://cdn.shopify.com/s/files/1/0059/5152/0820/files/Rolex_Submariner_date_16610LV_Kermit_Dial_Mar_2007-7.jpg?v=1723045798']"
Rolex Sea-Dweller Deepsea 136660 Black Dial Mar 2023,"The Rolex Sea-Dweller Deepsea 136660 is a professional diver's watch that is water resistant to a depth of 3,900 meters (12,800 feet). It features a 44mm stainless steel case with a deep blue dial and a unidirectional rotating bezel. The watch is powered by a self-winding movement and is equipped with a Chromalight display that makes the hands and hour markers easy to read in low light conditions.","{""Brand"": ""Rolex"", ""Reference #"": ""136660"", ""Serial N."": ""0RR9XXXX"", ""Movement"": ""Automatic"", ""Crystal"": ""Sapphire Crystal"", ""Dial"": ""BLACK"", ""Bracelet"": ""OYSTER"", ""Paper Status"": ""23-mar-2023"", ""Condition"": ""Excellent"", ""Warranty"": ""2 Years"", ""Chrononation SKU"": ""RX1751-02""}",14050.00,"['https://cdn.shopify.com/s/files/1/0059/5152/0820/files/Rolex_Sea-Dweller_Deepsea_136660_Black_Dial_Mar_2023.png?v=1723045502', 'https://cdn.shopify.com/s/files/1/0059/5152/0820/files/Rolex_Sea-Dweller_Deepsea_136660_Black_Dial_Mar_2023.jpg?v=1723045508', 'https://cdn.shopify.com/s/files/1/0059/5152/0820/files/Rolex_Sea-Dweller_Deepsea_136660_Black_Dial_Mar_2023-3.jpg?v=1723045515', 'https://cdn.shopify.com/s/files/1/0059/5152/0820/files/Rolex_Sea-Dweller_Deepsea_136660_Black_Dial_Mar_2023-4.jpg?v=1723045521', 'https://cdn.shopify.com/s/files/1/0059/5152/0820/files/Rolex_Sea-Dweller_Deepsea_136660_Black_Dial_Mar_2023-5.jpg?v=1723045528', 'https://cdn.shopify.com/s/files/1/0059/5152/0820/files/Rolex_Sea-Dweller_Deepsea_136660_Black_Dial_Mar_2023-6.jpg?v=1723045534', 'https://cdn.shopify.com/s/files/1/0059/5152/0820/files/Rolex_Sea-Dweller_Deepsea_136660_Black_Dial_Mar_2023-7.jpg?v=1723045542']"
Rolex Air-King 126900 Black Dial Jul 2024,"The Rolex Air-King 126900 is a luxury pilot's watch that is known for its durability, accuracy, and water resistance. It is a popular choice among professionals and watch collectors alike. The Air-King 126900 features a 40mm stainless steel case with a black dial with date window, and a screw-down crown. It is powered by an automatic movement and is water-resistant to 100 meters. The Air-King 126900 also features a 3-6-9 hour markers, which is a classic design element of pilot's watches","{""Brand"": ""Rolex"", ""Reference #"": ""126900"", ""Serial N."": ""1D4UXXXX"", ""Movement"": ""Automatic"", ""Crystal"": ""Sapphire Crystal"", ""Dial"": ""BLACK"", ""Bracelet"": ""OYSTER"", ""Paper Status"": ""08-jul-2024"", ""Condition"": ""Excellent"", ""Warranty"": ""2 Years"", ""Chrononation SKU"": ""RX1750-02""}",9350.00,"['https://cdn.shopify.com/s/files/1/0059/5152/0820/files/Rolex_Air-King_126900_Black_Dial_Jul_2024.png?v=1723045267', 'https://cdn.shopify.com/s/files/1/0059/5152/0820/files/Rolex_Air-King_126900_Black_Dial_Jul_2024.jpg?v=1723045277', 'https://cdn.shopify.com/s/files/1/0059/5152/0820/files/Rolex_Air-King_126900_Black_Dial_Jul_2024-3.jpg?v=1723045283', 'https://cdn.shopify.com/s/files/1/0059/5152/0820/files/Rolex_Air-King_126900_Black_Dial_Jul_2024-4.jpg?v=1723045290', 'https://cdn.shopify.com/s/files/1/0059/5152/0820/files/Rolex_Air-King_126900_Black_Dial_Jul_2024-5.jpg?v=1723045298', 'https://cdn.shopify.com/s/files/1/0059/5152/0820/files/Rolex_Air-King_126900_Black_Dial_Jul_2024-6.jpg?v=1723045304', 'https://cdn.shopify.com/s/files/1/0059/5152/0820/files/Rolex_Air-King_126900_Black_Dial_Jul_2024-7.jpg?v=1723045311']"
Rolex Air-King 126900 Black Dial Sep 2022,"The Rolex Air-King 126900 is a luxury pilot's watch that is known for its durability, accuracy, and water resistance. It is a popular choice among professionals and watch collectors alike. The Air-King 126900 features a 40mm stainless steel case with a black dial with date window, and a screw-down crown. It is powered by an automatic movement and is water-resistant to 100 meters. The Air-King 126900 also features a 3-6-9 hour markers, which is a classic design element of pilot's watches","{""Brand"": ""Rolex"", ""Reference #"": ""126900"", ""Serial N."": ""0F60XXXX"", ""Movement"": ""Automatic"", ""Crystal"": ""Sapphire Crystal"", ""Dial"": ""BLACK"", ""Bracelet"": ""OYSTER"", ""Paper Status"": ""16-Sep-2022"", ""Condition"": ""Excellent"", ""Warranty"": ""2 Years"", ""Chrononation SKU"": ""RX1749-02""}",8750.00,"['https://cdn.shopify.com/s/files/1/0059/5152/0820/files/Rolex_Air-King_126900_Black_Dial_Sep_2022.png?v=1723045052', 'https://cdn.shopify.com/s/files/1/0059/5152/0820/files/Rolex_Air-King_126900_Black_Dial_Sep_2022.jpg?v=1723045059', 'https://cdn.shopify.com/s/files/1/0059/5152/0820/files/Rolex_Air-King_126900_Black_Dial_Sep_2022-3.jpg?v=1723045065', 'https://cdn.shopify.com/s/files/1/0059/5152/0820/files/Rolex_Air-King_126900_Black_Dial_Sep_2022-4.jpg?v=1723045072', 'https://cdn.shopify.com/s/files/1/0059/5152/0820/files/Rolex_Air-King_126900_Black_Dial_Sep_2022-5.jpg?v=1723045078', 'https://cdn.shopify.com/s/files/1/0059/5152/0820/files/Rolex_Air-King_126900_Black_Dial_Sep_2022-6.jpg?v=1723045085', 'https://cdn.shopify.com/s/files/1/0059/5152/0820/files/Rolex_Air-King_126900_Black_Dial_Sep_2022-7.jpg?v=1723045092']"
Rolex Gmt-Master 126710BLNR Batman Dial,"The Rolex GMT-Master 126710BLNR Batman is a luxury GMT watch that is perfect for anyone who loves to travel. It features a 40mm Oystersteel case with a black and blue Cerachrom bezel, a black dial with luminous hour markers and hands, and a date window at 3 o'clock. The watch is powered by a self-winding movement and is water resistant to 100 meters. It comes with an Oystersteel bracelet and a folding Oysterclasp.","{""Brand"": ""Rolex"", ""Reference #"": ""126710BLNR"", ""Serial N."": ""WR48XXXX"", ""Movement"": ""Automatic"", ""Crystal"": ""Sapphire Crystal"", ""Dial"": ""BATMAN"", ""Bracelet"": ""OYSTER"", ""Paper Status"": ""-"", ""Condition"": ""Excellent"", ""Warranty"": ""2 Years"", ""Chrononation SKU"": ""RX1748-02""}",14150.00,"['https://cdn.shopify.com/s/files/1/0059/5152/0820/files/Rolex_Gmt-Master_126710BLNR_Batman_Dial.png?v=1723044853', 'https://cdn.shopify.com/s/files/1/0059/5152/0820/files/Rolex_Gmt-Master_126710BLNR_Batman_Dial-2.jpg?v=1723044860', 'https://cdn.shopify.com/s/files/1/0059/5152/0820/files/Rolex_Gmt-Master_126710BLNR_Batman_Dial-3.jpg?v=1723044867', 'https://cdn.shopify.com/s/files/1/0059/5152/0820/files/Rolex_Gmt-Master_126710BLNR_Batman_Dial-4.jpg?v=1723044874', 'https://cdn.shopify.com/s/files/1/0059/5152/0820/files/Rolex_Gmt-Master_126710BLNR_Batman_Dial-5.jpg?v=1723044880', 'https://cdn.shopify.com/s/files/1/0059/5152/0820/files/Rolex_Gmt-Master_126710BLNR_Batman_Dial-6.jpg?v=1723044887']"
Rolex Gmt-Master 126710BLNR Batman Dial Jul 2024,"The Rolex GMT-Master 126710BLNR Batman is a luxury GMT watch that is perfect for anyone who loves to travel. It features a 40mm Oystersteel case with a black and blue Cerachrom bezel, a black dial with luminous hour markers and hands, and a date window at 3 o'clock. The watch is powered by a self-winding movement and is water resistant to 100 meters. It comes with an Oystersteel bracelet and a folding Oysterclasp.","{""Brand"": ""Rolex"", ""Reference #"": ""126710BLNR"", ""Serial N."": ""040RXXXX"", ""Movement"": ""Automatic"", ""Crystal"": ""Sapphire Crystal"", ""Dial"": ""BATMAN"", ""Bracelet"": ""JUBILEE"", ""Paper Status"": ""09-jul-2024"", ""Condition"": ""Excellent"", ""Warranty"": ""2 Years"", ""Chrononation SKU"": ""RX1747-02""}",17800.00,"['https://cdn.shopify.com/s/files/1/0059/5152/0820/files/Rolex_Gmt-Master_126710BLNR_Batman_Dial_Jul_2024.png?v=1723044642', 'https://cdn.shopify.com/s/files/1/0059/5152/0820/files/Rolex_Gmt-Master_126710BLNR_Batman_Dial_Jul_2024.jpg?v=1723044649', 'https://cdn.shopify.com/s/files/1/0059/5152/0820/files/Rolex_Gmt-Master_126710BLNR_Batman_Dial_Jul_2024-3.jpg?v=1723044656', 'https://cdn.shopify.com/s/files/1/0059/5152/0820/files/Rolex_Gmt-Master_126710BLNR_Batman_Dial_Jul_2024-4.jpg?v=1723044663', 'https://cdn.shopify.com/s/files/1/0059/5152/0820/files/Rolex_Gmt-Master_126710BLNR_Batman_Dial_Jul_2024-5.jpg?v=1723044671', 'https://cdn.shopify.com/s/files/1/0059/5152/0820/files/Rolex_Gmt-Master_126710BLNR_Batman_Dial_Jul_2024-6.jpg?v=1723044678', 'https://cdn.shopify.com/s/files/1/0059/5152/0820/files/Rolex_Gmt-Master_126710BLNR_Batman_Dial_Jul_2024-7.jpg?v=1723044685', 'https://cdn.shopify.com/s/files/1/0059/5152/0820/files/Rolex_Gmt-Master_126710BLNR_Batman_Dial_Jul_2024-8.jpg?v=1723044692']"
Rolex Sea-Dweller Deepsea 126660 Black Dial,"Introducing the Rolex Sea-Dweller Deepsea 126660, a timepiece renowned for its exceptional craftsmanship and cutting-edge technology. This distinguished watch features an automatic movement housed in a robust 44mm stainless steel case, ensuring both precision and durability. The scratch-resistant sapphire crystal protects the striking black dial, showcasing a mesmerizing gradient effect.","{""Brand"": ""Rolex"", ""Reference #"": ""126660"", ""Serial N."": ""7R50XXXX"", ""Movement"": ""Automatic"", ""Crystal"": ""Sapphire Crystal"", ""Dial"": ""BLACK"", ""Bracelet"": ""OYSTER"", ""Paper Status"": ""-"", ""Condition"": ""Excellent"", ""Warranty"": ""2 Years"", ""Chrononation SKU"": ""RX1746-02""}",9350.00,"['https://cdn.shopify.com/s/files/1/0059/5152/0820/files/Rolex_Sea-Dweller_Deepsea_126660_Black_Dial.png?v=1723044411', 'https://cdn.shopify.com/s/files/1/0059/5152/0820/files/Rolex_Sea-Dweller_Deepsea_126660_Black_Dial-2.jpg?v=1723044418', 'https://cdn.shopify.com/s/files/1/0059/5152/0820/files/Rolex_Sea-Dweller_Deepsea_126660_Black_Dial-3.jpg?v=1723044425', 'https://cdn.shopify.com/s/files/1/0059/5152/0820/files/Rolex_Sea-Dweller_Deepsea_126660_Black_Dial-4.jpg?v=1723044431', 'https://cdn.shopify.com/s/files/1/0059/5152/0820/files/Rolex_Sea-Dweller_Deepsea_126660_Black_Dial-5.jpg?v=1723044438', 'https://cdn.shopify.com/s/files/1/0059/5152/0820/files/Rolex_Sea-Dweller_Deepsea_126660_Black_Dial-6.jpg?v=1723044444']"
Rolex Datejust 126333 Champagne Dial Jun 2019,"The Rolex Datejust 126333 is a luxurious and timeless watch that combines classic style with modern features. It features a 41mm stainless steel case with a fluted bezel, a champagne dial with Roman numerals, and a date window at 3 o'clock. The watch is powered by a self-winding movement and is water resistant to 100 meters. It comes with a Jubilee oyster and a deployant clasp.","{""Brand"": ""Rolex"", ""Reference #"": ""126333"", ""Serial N."": ""083VXXXX"", ""Movement"": ""Automatic"", ""Crystal"": ""Sapphire Crystal"", ""Dial"": ""CHAMPAGNE"", ""Bracelet"": ""OYSTER"", ""Paper Status"": ""15-jun-2019"", ""Condition"": ""Excellent"", ""Warranty"": ""2 Years"", ""Chrononation SKU"": ""RX1743-02""}",14250.00,"['https://cdn.shopify.com/s/files/1/0059/5152/0820/files/Rolex_Datejust_126333_Champagne_Dial_Jun_2019.png?v=1723043531', 'https://cdn.shopify.com/s/files/1/0059/5152/0820/files/Rolex_Datejust_126333_Champagne_Dial_Jun_2019.jpg?v=1723043539', 'https://cdn.shopify.com/s/files/1/0059/5152/0820/files/Rolex_Datejust_126333_Champagne_Dial_Jun_2019-3.jpg?v=1723043546', 'https://cdn.shopify.com/s/files/1/0059/5152/0820/files/Rolex_Datejust_126333_Champagne_Dial_Jun_2019-4.jpg?v=1723043553', 'https://cdn.shopify.com/s/files/1/0059/5152/0820/files/Rolex_Datejust_126333_Champagne_Dial_Jun_2019-5.jpg?v=1723043560', 'https://cdn.shopify.com/s/files/1/0059/5152/0820/files/Rolex_Datejust_126333_Champagne_Dial_Jun_2019-6.jpg?v=1723043567', 'https://cdn.shopify.com/s/files/1/0059/5152/0820/files/Rolex_Datejust_126333_Champagne_Dial_Jun_2019-7.jpg?v=1723043575']"
